id_evidencia,id_respuesta,nombre,ubicacion
1,20438,prueba_ae165_r20438_20260211_003913.pdf,evidencias/3/prueba_ae165_r20438_20260211_003913.pdf
2,20460,RAO_ae169_r20460_20260212_003021.pdf,evidencias\22\RAO_ae169_r20460_20260212_003021.pdf
3,20469,RAO_ae169_r20469_20260212_003243.pdf,evidencias\22\RAO_ae169_r20469_20260212_003243.pdf
4,20480,RAO_ae169_r20480_20260212_003317.pdf,evidencias\22\RAO_ae169_r20480_20260212_003317.pdf
5,20487,RAO_ae169_r20487_20260212_003636.pdf,evidencias\22\RAO_ae169_r20487_20260212_003636.pdf
6,20650,RAO_ae170_r20650_20260212_004107.pdf,evidencias\22\RAO_ae170_r20650_20260212_004107.pdf
7,20652,RAO_ae170_r20652_20260212_004116.pdf,evidencias\22\RAO_ae170_r20652_20260212_004116.pdf
8,20655,RAO_ae170_r20655_20260212_004126.pdf,evidencias\22\RAO_ae170_r20655_20260212_004126.pdf
9,20659,RAO_ae170_r20659_20260212_004135.pdf,evidencias\22\RAO_ae170_r20659_20260212_004135.pdf
10,20803,RAO_ae171_r20803_20260212_010513.pdf,evidencias\22\RAO_ae171_r20803_20260212_010513.pdf
11,20805,RAO_ae171_r20805_20260212_010522.pdf,evidencias\22\RAO_ae171_r20805_20260212_010522.pdf
12,20808,RAO_ae171_r20808_20260212_010530.pdf,evidencias\22\RAO_ae171_r20808_20260212_010530.pdf
13,20812,RAO_ae171_r20812_20260212_010540.pdf,evidencias\22\RAO_ae171_r20812_20260212_010540.pdf
18,22059,RAO_ae182_r22059_20260213_003142.pdf,evidencias\22\RAO_ae182_r22059_20260213_003142.pdf
19,22059,evaluacion_110_ae182_r22059_20260213_004242.pdf,evidencias\22\evaluacion_110_ae182_r22059_20260213_004242.pdf
20,22059,prueba_ae182_r22059_20260213_004326.pdf,evidencias\22\prueba_ae182_r22059_20260213_004326.pdf
21,22059,prueba_ae182_r22059_20260213_004438.pdf,evidencias\22\prueba_ae182_r22059_20260213_004438.pdf
22,22059,prueba_ae182_r22059_20260213_004718.pdf,evidencias\22\prueba_ae182_r22059_20260213_004718.pdf
23,22059,RAO_ae182_r22059_20260213_004804.pdf,evidencias\22\RAO_ae182_r22059_20260213_004804.pdf
24,22059,prueba_ae182_r22059_20260213_005445.pdf,evidencias\22\prueba_ae182_r22059_20260213_005445.pdf
25,22059,prueba_ae182_r22059_20260213_005726.pdf,evidencias\22\prueba_ae182_r22059_20260213_005726.pdf
26,22059,prueba_ae182_r22059_20260213_010341.pdf,evidencias\22\prueba_ae182_r22059_20260213_010341.pdf
27,22059,RAO_ae182_r22059_20260213_010534.pdf,evidencias\22\RAO_ae182_r22059_20260213_010534.pdf
28,22059,evaluacion_110_ae182_r22059_20260213_011255.pdf,evidencias\22\evaluacion_110_ae182_r22059_20260213_011255.pdf
29,22059,RAO_ae182_r22059_20260213_011345.pdf,evidencias\22\RAO_ae182_r22059_20260213_011345.pdf
35,22086,RAO_ae185_r22086_20260213_014027.pdf,evidencias\22\RAO_ae185_r22086_20260213_014027.pdf
36,22090,prueba_ae185_r22090_20260213_014039.pdf,evidencias\22\prueba_ae185_r22090_20260213_014039.pdf
37,22093,evaluacion_110_ae185_r22093_20260213_014052.pdf,evidencias\22\evaluacion_110_ae185_r22093_20260213_014052.pdf
38,22401,prueba_ae187_r22401_20260213_015034.pdf,evidencias\22\prueba_ae187_r22401_20260213_015034.pdf
39,22403,prueba_ae187_r22403_20260213_015046.pdf,evidencias\22\prueba_ae187_r22403_20260213_015046.pdf
40,22406,RAO_ae187_r22406_20260213_015057.pdf,evidencias\22\RAO_ae187_r22406_20260213_015057.pdf
41,22410,prueba_ae187_r22410_20260213_015107.pdf,evidencias\22\prueba_ae187_r22410_20260213_015107.pdf
42,22575,RAO_ae188_r22575_20260213_160328.pdf,evidencias\22\RAO_ae188_r22575_20260213_160328.pdf
43,22577,prueba_ae188_r22577_20260213_160339.pdf,evidencias\22\prueba_ae188_r22577_20260213_160339.pdf
44,22580,evaluacion_110_ae188_r22580_20260213_160350.pdf,evidencias\22\evaluacion_110_ae188_r22580_20260213_160350.pdf
45,22584,prueba_ae188_r22584_20260213_160408.pdf,evidencias\22\prueba_ae188_r22584_20260213_160408.pdf
46,22638,prueba_ae188_r22638_20260213_160430.pdf,evidencias\22\prueba_ae188_r22638_20260213_160430.pdf
47,22731,prueba_ae190_r22731_20260213_161000.pdf,evidencias\22\prueba_ae190_r22731_20260213_161000.pdf
48,22734,evaluacion_110_ae190_r22734_20260213_161009.pdf,evidencias\22\evaluacion_110_ae190_r22734_20260213_161009.pdf
49,22738,prueba_ae190_r22738_20260213_161019.pdf,evidencias\22\prueba_ae190_r22738_20260213_161019.pdf
50,22743,evaluacion_110_ae190_r22743_20260213_161032.pdf,evidencias\22\evaluacion_110_ae190_r22743_20260213_161032.pdf
51,22749,prueba_ae190_r22749_20260213_161044.pdf,evidencias\22\prueba_ae190_r22749_20260213_161044.pdf
52,22756,RAO_ae190_r22756_20260213_161056.pdf,evidencias\22\RAO_ae190_r22756_20260213_161056.pdf
53,22764,prueba_ae190_r22764_20260213_161109.pdf,evidencias\22\prueba_ae190_r22764_20260213_161109.pdf
54,22774,evaluacion_110_ae190_r22774_20260213_161125.pdf,evidencias\22\evaluacion_110_ae190_r22774_20260213_161125.pdf
55,22896,test1_ae191_r22896_20260213_164930.pdf,evidencias\22\test1_ae191_r22896_20260213_164930.pdf
56,22898,test2_ae191_r22898_20260213_164940.pdf,evidencias\22\test2_ae191_r22898_20260213_164940.pdf
57,22901,test3_ae191_r22901_20260213_164950.pdf,evidencias\22\test3_ae191_r22901_20260213_164950.pdf
58,22905,test4_ae191_r22905_20260213_165004.pdf,evidencias\22\test4_ae191_r22905_20260213_165004.pdf
59,22910,test5_ae191_r22910_20260213_165017.pdf,evidencias\22\test5_ae191_r22910_20260213_165017.pdf
60,22916,test6_ae191_r22916_20260213_165618.pdf,evidencias\22\test6_ae191_r22916_20260213_165618.pdf
61,22924,test7_ae191_r22924_20260213_165629.pdf,evidencias\22\test7_ae191_r22924_20260213_165629.pdf
62,22932,test8_ae191_r22932_20260213_165641.pdf,evidencias\22\test8_ae191_r22932_20260213_165641.pdf
63,22942,test9_ae191_r22942_20260213_165654.pdf,evidencias\22\test9_ae191_r22942_20260213_165654.pdf
64,22953,test9_ae191_r22953_20260213_165710.pdf,evidencias\22\test9_ae191_r22953_20260213_165710.pdf
65,22963,test10_ae191_r22963_20260213_165724.pdf,evidencias\22\test10_ae191_r22963_20260213_165724.pdf
66,22975,test11_ae191_r22975_20260213_165739.pdf,evidencias\22\test11_ae191_r22975_20260213_165739.pdf
67,22988,test12_ae191_r22988_20260213_165755.pdf,evidencias\22\test12_ae191_r22988_20260213_165755.pdf
68,23001,test13_ae191_r23001_20260213_165810.pdf,evidencias\22\test13_ae191_r23001_20260213_165810.pdf
69,23022,test14_ae191_r23022_20260213_165834.pdf,evidencias\22\test14_ae191_r23022_20260213_165834.pdf
70,23035,test16_ae191_r23035_20260213_165852.pdf,evidencias\22\test16_ae191_r23035_20260213_165852.pdf
71,23048,test17_ae191_r23048_20260213_165908.pdf,evidencias\22\test17_ae191_r23048_20260213_165908.pdf
72,23058,test1_ae192_r23058_20260213_205246.pdf,evidencias\22\test1_ae192_r23058_20260213_205246.pdf
76,23060,test2_ae192_r23060_20260213_205521.pdf,evidencias\22\test2_ae192_r23060_20260213_205521.pdf
77,23067,test3_ae192_r23067_20260213_205549.pdf,evidencias\22\test3_ae192_r23067_20260213_205549.pdf
78,23071,test4_ae192_r23071_20260213_205559.pdf,evidencias\22\test4_ae192_r23071_20260213_205559.pdf
79,23076,test5_ae192_r23076_20260213_205613.pdf,evidencias\22\test5_ae192_r23076_20260213_205613.pdf
80,23082,test6_ae192_r23082_20260213_205625.pdf,evidencias\22\test6_ae192_r23082_20260213_205625.pdf
81,23195,test12_ae192_r23195_20260213_205659.pdf,evidencias\22\test12_ae192_r23195_20260213_205659.pdf
84,23216,test1_ae193_r23216_20260213_223352.pdf,evidencias\22\test1_ae193_r23216_20260213_223352.pdf
85,23220,test2_ae193_r23220_20260213_223417.pdf,evidencias\22\test2_ae193_r23220_20260213_223417.pdf
86,23524,test1_ae195_r23524_20260214_020204.pdf,evidencias\22\test1_ae195_r23524_20260214_020204.pdf
90,23537,Guia-Sostenibilidad-Enoturistica-Argentina-1_ae189_r23537_20260218_185714.pdf,evidencias\24\Guia-Sostenibilidad-Enoturistica-Argentina-1_ae189_r23537_20260218_185714.pdf
94,23549,test3_ae198_r23549_20260218_194308.pdf,evidencias\22\test3_ae198_r23549_20260218_194308.pdf
98,23525,prueba_ae196_r23525_20260218_202257.pdf,evidencias/3/prueba_ae196_r23525_20260218_202257.pdf
99,23534,prueba_ae196_r23534_20260218_202412.pdf,evidencias/3/prueba_ae196_r23534_20260218_202412.pdf
100,23582,test12_ae198_r23582_20260218_203109.pdf,evidencias\22\test12_ae198_r23582_20260218_203109.pdf
101,23588,test23_ae198_r23588_20260218_203138.pdf,evidencias\22\test23_ae198_r23588_20260218_203138.pdf
102,23589,evaluacion_162-4_ae199_r23589_20260218_205108.pdf,evidencias\24\evaluacion_162-4_ae199_r23589_20260218_205108.pdf
103,23591,evaluacion_162-5_ae199_r23591_20260218_205121.pdf,evidencias\24\evaluacion_162-5_ae199_r23591_20260218_205121.pdf
104,23594,evaluacion_162-3_ae199_r23594_20260218_205130.pdf,evidencias\24\evaluacion_162-3_ae199_r23594_20260218_205130.pdf
105,23598,evaluacion_162-3_ae199_r23598_20260218_205230.pdf,evidencias\24\evaluacion_162-3_ae199_r23598_20260218_205230.pdf
106,23607,evaluacion_194-1_ae199_r23607_20260218_205243.pdf,evidencias\24\evaluacion_194-1_ae199_r23607_20260218_205243.pdf
107,23613,evaluacion_194-2_ae199_r23613_20260218_205258.pdf,evidencias\24\evaluacion_194-2_ae199_r23613_20260218_205258.pdf
108,23620,evaluacion_162-3_ae199_r23620_20260218_205305.pdf,evidencias\24\evaluacion_162-3_ae199_r23620_20260218_205305.pdf
109,23629,evaluacion_162-3_ae199_r23629_20260218_205310.pdf,evidencias\24\evaluacion_162-3_ae199_r23629_20260218_205310.pdf
110,23647,evaluacion_162-4_ae199_r23647_20260218_205328.pdf,evidencias\24\evaluacion_162-4_ae199_r23647_20260218_205328.pdf
111,23661,evaluacion_194-2_ae199_r23661_20260218_205335.pdf,evidencias\24\evaluacion_194-2_ae199_r23661_20260218_205335.pdf
112,23670,evaluacion_162-3_ae199_r23670_20260218_205342.pdf,evidencias\24\evaluacion_162-3_ae199_r23670_20260218_205342.pdf
113,23685,evaluacion_194-2_ae199_r23685_20260218_205832.pdf,evidencias\24\evaluacion_194-2_ae199_r23685_20260218_205832.pdf
114,23697,evaluacion_162-5_ae199_r23697_20260218_205838.pdf,evidencias\24\evaluacion_162-5_ae199_r23697_20260218_205838.pdf
115,23718,evaluacion_194-2_ae199_r23718_20260218_210028.pdf,evidencias\24\evaluacion_194-2_ae199_r23718_20260218_210028.pdf
116,23730,evaluacion_162-3_ae199_r23730_20260218_210104.pdf,evidencias\24\evaluacion_162-3_ae199_r23730_20260218_210104.pdf
117,23748,historial_autoevaluaciones_ae199_r23748_20260218_210111.pdf,evidencias\24\historial_autoevaluaciones_ae199_r23748_20260218_210111.pdf
118,23774,evaluacion_199_ae200_r23774_20260218_214522.pdf,evidencias\24\evaluacion_199_ae200_r23774_20260218_214522.pdf
119,23779,Presentación Examen Final_ae200_r23779_20260218_214629.pdf,evidencias\24\Presentación Examen Final_ae200_r23779_20260218_214629.pdf
120,23780,Guia-Sostenibilidad-Enoturistica-Argentina (2)_ae183_r23780_20260218_220825.pdf,evidencias\30\Guia-Sostenibilidad-Enoturistica-Argentina (2)_ae183_r23780_20260218_220825.pdf
121,23789,Guía Sostenibilidad Enoturismo Diciembre 2025_ae183_r23789_20260218_220847.pdf,evidencias\30\Guía Sostenibilidad Enoturismo Diciembre 2025_ae183_r23789_20260218_220847.pdf
122,23932,Guia-Sostenibilidad-Enoturistica-Argentina (1)_ae183_r23932_20260218_220933.pdf,evidencias\30\Guia-Sostenibilidad-Enoturistica-Argentina (1)_ae183_r23932_20260218_220933.pdf
123,23539,test1_ae198_r23539_20260218_232058.pdf,evidencias\22\test1_ae198_r23539_20260218_232058.pdf
124,23945,test5_ae198_r23945_20260218_232133.pdf,evidencias\22\test5_ae198_r23945_20260218_232133.pdf
125,23954,test4_ae198_r23954_20260218_232148.pdf,evidencias\22\test4_ae198_r23954_20260218_232148.pdf
126,23963,test4_ae198_r23963_20260218_232202.pdf,evidencias\22\test4_ae198_r23963_20260218_232202.pdf
127,24259,Guia-Sostenibilidad-Enoturistica-Argentina (2)_ae183_r23780_20260218_220825_ae202_r24259_20260220_162303.pdf,evidencias\30\Guia-Sostenibilidad-Enoturistica-Argentina (2)_ae183_r23780_20260218_220825_ae202_r24259_20260220_162303.pdf
128,24261,Guia-Sostenibilidad-Enoturistica-Argentina (2)_ae202_r24261_20260220_162340.pdf,evidencias\30\Guia-Sostenibilidad-Enoturistica-Argentina (2)_ae202_r24261_20260220_162340.pdf
132,25431,test1aaaaaaaaaaaaaaaaaaa_ae208_r25431_20260220_200202.pdf,evidencias\34\test1aaaaaaaaaaaaaaaaaaa_ae208_r25431_20260220_200202.pdf
133,26011,prueba_ae213_r26011_20260221_004930.pdf,evidencias/37/prueba_ae213_r26011_20260221_004930.pdf
134,26165,prueba_ae214_r26165_20260221_010759.pdf,evidencias/37/prueba_ae214_r26165_20260221_010759.pdf
135,26365,prueba_ae216_r26365_20260221_020629.pdf,evidencias/37/prueba_ae216_r26365_20260221_020629.pdf
136,26368,prueba_ae216_r26368_20260221_020643.pdf,evidencias/37/prueba_ae216_r26368_20260221_020643.pdf
137,26371,prueba_ae216_r26371_20260221_020653.pdf,evidencias/37/prueba_ae216_r26371_20260221_020653.pdf
138,26375,prueba_ae216_r26375_20260221_020702.pdf,evidencias/37/prueba_ae216_r26375_20260221_020702.pdf
139,26380,prueba_ae216_r26380_20260221_020726.pdf,evidencias/37/prueba_ae216_r26380_20260221_020726.pdf
140,26386,prueba_ae216_r26386_20260221_020747.pdf,evidencias/37/prueba_ae216_r26386_20260221_020747.pdf
141,26393,prueba_ae216_r26393_20260221_020817.pdf,evidencias/37/prueba_ae216_r26393_20260221_020817.pdf
142,26401,prueba_ae216_r26401_20260221_020826.pdf,evidencias/37/prueba_ae216_r26401_20260221_020826.pdf
143,26410,prueba_ae216_r26410_20260221_020834.pdf,evidencias/37/prueba_ae216_r26410_20260221_020834.pdf
144,26420,prueba_ae216_r26420_20260221_020904.pdf,evidencias/37/prueba_ae216_r26420_20260221_020904.pdf
145,26431,prueba_ae216_r26431_20260221_020912.pdf,evidencias/37/prueba_ae216_r26431_20260221_020912.pdf
146,26443,prueba_ae216_r26443_20260221_020923.pdf,evidencias/37/prueba_ae216_r26443_20260221_020923.pdf
147,26457,prueba_ae216_r26457_20260221_020944.pdf,evidencias/37/prueba_ae216_r26457_20260221_020944.pdf
148,26472,prueba_ae216_r26472_20260221_020958.pdf,evidencias/37/prueba_ae216_r26472_20260221_020958.pdf
149,26488,prueba_ae216_r26488_20260221_021021.pdf,evidencias/37/prueba_ae216_r26488_20260221_021021.pdf
150,26522,prueba_ae216_r26522_20260221_021434.pdf,evidencias/37/prueba_ae216_r26522_20260221_021434.pdf
151,26524,prueba_ae217_r26524_20260221_022216.pdf,evidencias/37/prueba_ae217_r26524_20260221_022216.pdf
152,26526,prueba_ae217_r26526_20260221_022228.pdf,evidencias/37/prueba_ae217_r26526_20260221_022228.pdf
153,26529,prueba_ae217_r26529_20260221_022236.pdf,evidencias/37/prueba_ae217_r26529_20260221_022236.pdf
154,26533,prueba_ae217_r26533_20260221_022243.pdf,evidencias/37/prueba_ae217_r26533_20260221_022243.pdf
155,26538,prueba_ae217_r26538_20260221_022256.pdf,evidencias/37/prueba_ae217_r26538_20260221_022256.pdf
156,26544,prueba_ae217_r26544_20260221_022313.pdf,evidencias/37/prueba_ae217_r26544_20260221_022313.pdf
157,26551,prueba_ae217_r26551_20260221_022321.pdf,evidencias/37/prueba_ae217_r26551_20260221_022321.pdf
158,26559,prueba_ae217_r26559_20260221_022336.pdf,evidencias/37/prueba_ae217_r26559_20260221_022336.pdf
159,26569,prueba_ae217_r26569_20260221_022343.pdf,evidencias/37/prueba_ae217_r26569_20260221_022343.pdf
160,26580,prueba_ae217_r26580_20260221_022404.pdf,evidencias/37/prueba_ae217_r26580_20260221_022404.pdf
161,26591,prueba_ae217_r26591_20260221_022411.pdf,evidencias/37/prueba_ae217_r26591_20260221_022411.pdf
162,26603,prueba_ae217_r26603_20260221_022417.pdf,evidencias/37/prueba_ae217_r26603_20260221_022417.pdf
163,26616,prueba_ae217_r26616_20260221_022436.pdf,evidencias/37/prueba_ae217_r26616_20260221_022436.pdf
164,26630,prueba_ae217_r26630_20260221_022442.pdf,evidencias/37/prueba_ae217_r26630_20260221_022442.pdf
165,26645,prueba_ae217_r26645_20260221_022501.pdf,evidencias/37/prueba_ae217_r26645_20260221_022501.pdf
166,26661,prueba_ae217_r26661_20260221_022526.pdf,evidencias/37/prueba_ae217_r26661_20260221_022526.pdf
167,26679,prueba_ae217_r26679_20260221_022532.pdf,evidencias/37/prueba_ae217_r26679_20260221_022532.pdf
168,30191,prueba_ae240_r30191_20260221_063140.pdf,evidencias/37/prueba_ae240_r30191_20260221_063140.pdf
171,30193,prueba_ae240_r30193_20260221_063606.pdf,evidencias/37/prueba_ae240_r30193_20260221_063606.pdf
172,30196,prueba_ae240_r30196_20260221_063636.pdf,evidencias/37/prueba_ae240_r30196_20260221_063636.pdf
173,30200,prueba_ae240_r30200_20260221_063659.pdf,evidencias/37/prueba_ae240_r30200_20260221_063659.pdf
174,30343,prueba_ae240_r30343_20260221_064048.pdf,evidencias/37/prueba_ae240_r30343_20260221_064048.pdf
176,31449,test1aaaaaaaaaaaaaaaaaaa_ae244_r31449_20260221_162522.pdf,evidencias\22\test1aaaaaaaaaaaaaaaaaaa_ae244_r31449_20260221_162522.pdf
177,32232,test1aaaaaaaaaaaaaaaaaaa_ae251_r32232_20260221_171905.pdf,evidencias\22\test1aaaaaaaaaaaaaaaaaaa_ae251_r32232_20260221_171905.pdf
179,32235,test2_ae251_r32235_20260221_172207.pdf,evidencias\22\test2_ae251_r32235_20260221_172207.pdf
180,33951,Nota de Art 614094_ae256_r33951_20260223_191342.pdf,evidencias\24\Nota de Art 614094_ae256_r33951_20260223_191342.pdf