id_respuesta,id_nivel_respuesta,id_indicador,id_autoevaluacion
929,43,1,34
936,66,8,35
937,63,7,35
938,69,9,35
940,75,11,35
941,62,7,36
943,65,8,36
948,68,9,36
950,74,11,36
955,77,12,36
961,92,17,36
968,101,20,36
980,107,22,36
985,110,23,36
1084,113,24,36
1094,125,28,36
1103,131,30,36
1127,143,34,36
1136,146,35,36
1152,155,38,36
1170,161,40,36
1174,164,41,36
1175,63,7,38
1177,66,8,38
1180,69,9,38
1184,75,11,38
1189,78,12,38
1196,93,17,38
1206,102,20,38
1215,111,23,38
1218,108,22,38
1235,126,28,38
1241,114,24,38
1252,132,30,38
1276,147,35,38
1282,144,34,38
1300,156,38,38
1324,162,40,38
1327,165,41,38
1328,63,7,39
1330,66,8,39
1335,69,9,39
1337,75,11,39
1342,78,12,39
1349,93,17,39
1358,102,20,39
1364,108,22,39
1381,111,23,39
1389,126,28,39
1393,132,30,39
1411,144,34,39
1424,147,35,39
1440,156,38,39
1460,162,40,39
1463,165,41,39
1473,114,24,39
1481,7,7,40
1483,63,7,41
1485,66,8,41
1488,69,9,41
1492,75,11,41
1497,78,12,41
1503,93,17,41
1517,102,20,41
1521,108,22,41
1529,111,23,41
1547,114,24,41
1556,126,28,41
1564,132,30,41
1589,144,34,41
1596,147,35,41
1609,156,38,41
1631,162,40,41
1635,165,41,41
1636,63,7,42
1638,66,8,42
1642,69,9,42
1644,75,11,42
1650,78,12,42
1659,93,17,42
1669,102,20,42
1677,108,22,42
1684,111,23,42
1698,126,28,42
1710,132,30,42
1711,114,24,42
1741,144,34,42
1753,147,35,42
1770,156,38,42
1785,162,40,42
1788,165,41,42
1789,44,1,44
1791,46,2,44
1794,57,5,44
1797,49,3,44
1803,61,7,44
1811,67,9,44
1816,64,8,44
1824,73,11,44
1832,71,10,44
1843,76,12,44
1861,80,13,44
1866,83,14,44
1890,93,17,44
1903,96,18,44
1943,99,19,44
1960,102,20,44
1970,105,21,44
1973,108,22,44
1978,109,23,44
2041,112,24,44
2061,115,25,44
2087,124,28,44
2105,127,29,44
2118,130,30,44
2137,133,31,44
2139,136,32,44
2224,142,34,44
2239,145,35,44
2257,148,36,44
2282,154,38,44
2311,160,40,44
2316,163,41,44
2317,44,1,45
2319,56,5,45
2322,61,7,45
2326,11,11,45
2336,68,9,45
2339,65,8,45
2351,81,13,45
2355,76,12,45
2372,91,17,45
2377,97,19,45
2408,100,20,45
2415,104,21,45
2419,106,22,45
2432,109,23,45
2450,131,30,45
2475,127,29,45
2484,125,28,45
2487,113,24,45
2520,142,34,45
2536,145,35,45
2573,154,38,45
2592,160,40,45
2596,163,41,45
2597,62,7,46
2599,66,8,46
2606,68,9,46
2608,73,11,46
2613,76,12,46
2622,92,17,46
2631,100,20,46
2640,106,22,46
2643,110,23,46
2664,132,30,46
2672,125,28,46
2673,114,24,46
2698,143,34,46
2703,146,35,46
2720,156,38,46
2745,165,41,46
2750,162,40,46
2752,63,7,37
2754,66,8,37
2757,69,9,37
2761,75,11,37
2766,78,12,37
2772,93,17,37
2785,102,20,37
2794,108,22,37
2796,111,23,37
2815,114,24,37
2824,126,28,37
2829,132,30,37
2842,144,34,37
2856,147,35,37
2876,156,38,37
2896,162,40,37
2904,165,41,37
2905,63,7,47
2907,66,8,47
2910,69,9,47
2914,75,11,47
2919,78,12,47
2928,93,17,47
2935,102,20,47
2950,108,22,47
2953,111,23,47
2966,126,28,47
2977,132,30,47
2981,114,24,47
3011,144,34,47
3020,147,35,47
3035,156,38,47
3053,162,40,47
3057,165,41,47
3058,63,7,48
3060,66,8,48
3064,69,9,48
3066,75,11,48
3072,78,12,48
3080,93,17,48
3091,102,20,48
3099,108,22,48
3108,111,23,48
3120,126,28,48
3123,132,30,48
3133,114,24,48
3163,144,34,48
3171,147,35,48
3187,156,38,48
3203,162,40,48
3210,165,41,48
3211,63,7,49
3213,66,8,49
3218,69,9,49
3220,75,11,49
3225,78,12,49
3234,93,17,49
3239,102,20,49
3255,108,22,49
3258,111,23,49
3270,126,28,49
3285,132,30,49
3287,114,24,49
3315,144,34,49
3324,147,35,49
3341,156,38,49
3358,162,40,49
3363,165,41,49
3364,63,7,50
3366,69,9,50
3369,75,11,50
3371,66,8,50
3374,61,7,52
3376,64,8,52
3379,67,9,52
3383,73,11,52
3388,76,12,52
3394,91,17,52
3407,100,20,52
3410,106,22,52
3420,109,23,52
3435,130,30,52
3443,124,28,52
3449,112,24,52
3472,142,34,52
3482,145,35,52
3499,154,38,52
3521,160,40,52
3526,163,41,52
3561,61,7,56
3565,64,8,56
3568,67,9,56
3572,73,11,56
3577,76,12,56
3583,91,17,56
3590,100,20,56
3598,106,22,56
3607,109,23,56
3619,112,24,56
3628,124,28,56
3640,130,30,56
3653,142,34,56
3669,145,35,56
3682,154,38,56
3711,160,40,56
3715,163,41,56
3716,63,7,51
3718,66,8,51
3721,69,9,51
3725,75,11,51
3730,78,12,51
3739,93,17,51
3744,102,20,51
3760,108,22,51
3763,111,23,51
3771,126,28,51
3789,114,24,51
3797,132,30,51
3820,144,34,51
3827,147,35,51
3843,156,38,51
3864,162,40,51
3868,165,41,51
3869,62,7,58
3872,65,8,58
3875,68,9,58
3879,74,11,58
3884,77,12,58
3890,92,17,58
3899,101,20,58
3905,110,23,58
3914,107,22,58
3930,113,24,58
3938,125,28,58
3958,131,30,58
3970,143,34,58
3980,146,35,58
4004,155,38,58
4017,161,40,58
4022,164,41,58
4023,45,1,57
4025,57,5,57
4028,63,7,57
4032,66,8,57
4041,69,9,57
4043,75,11,57
4051,78,12,57
4058,81,13,57
4072,93,17,57
4100,99,19,57
4104,102,20,57
4118,105,21,57
4133,108,22,57
4136,111,23,57
4167,114,24,57
4181,126,28,57
4192,129,29,57
4206,132,30,57
4239,144,34,57
4250,147,35,57
4266,156,38,57
4301,162,40,57
4307,165,41,57
4308,63,7,59
4310,75,11,59
4312,69,9,59
4315,66,8,59
4322,78,12,59
4328,111,23,59
4337,108,22,59
4341,102,20,59
4349,93,17,59
4368,132,30,59
4378,126,28,59
4383,114,24,59
4406,144,34,59
4414,147,35,59
4430,156,38,59
4455,162,40,59
4460,165,41,59
4461,61,7,60
4463,64,8,60
4466,67,9,60
4470,73,11,60
4475,76,12,60
4482,91,17,60
4491,100,20,60
4502,106,22,60
4504,109,23,60
4523,112,24,60
4533,124,28,60
4540,130,30,60
4564,142,34,60
4578,145,35,60
4588,154,38,60
4605,160,40,60
4613,163,41,60
4614,61,7,62
4615,61,7,61
4617,64,8,61
4620,67,9,61
4624,73,11,61
4629,76,12,61
4635,91,17,61
4644,100,20,61
4651,106,22,61
4660,109,23,61
4673,130,30,61
4683,124,28,61
4690,112,24,61
4715,142,34,61
4725,145,35,61
4741,154,38,61
4763,160,40,61
4767,163,41,61
4769,64,8,62
4774,67,9,62
4776,73,11,62
4781,76,12,62
4792,91,17,62
4794,100,20,62
4810,106,22,62
4819,109,23,62
4828,124,28,62
4836,130,30,62
4843,112,24,62
4874,142,34,62
4885,145,35,62
4898,154,38,62
4916,160,40,62
4919,163,41,62
4937,61,7,65
4939,64,8,65
4942,67,9,65
4947,73,11,65
4951,76,12,65
4957,91,17,65
4964,100,20,65
4972,106,22,65
4981,109,23,65
4991,112,24,65
5002,124,28,65
5014,130,30,65
5027,142,34,65
5041,145,35,65
5056,154,38,65
5072,160,40,65
5089,163,41,65
5090,62,7,66
5092,65,8,66
5095,68,9,66
5099,74,11,66
5104,77,12,66
5112,92,17,66
5117,101,20,66
5131,107,22,66
5134,110,23,66
5147,113,24,66
5165,125,28,66
5167,131,30,66
5190,143,34,66
5197,146,35,66
5213,155,38,66
5236,161,40,66
5242,164,41,66
5243,63,7,67
5245,66,8,67
5248,69,9,67
5252,75,11,67
5257,78,12,67
5265,93,17,67
5271,102,20,67
5285,108,22,67
5287,111,23,67
5306,132,30,67
5314,126,28,67
5318,114,24,67
5343,144,34,67
5353,147,35,67
5370,156,38,67
5392,162,40,67
5395,165,41,67
5396,61,7,68
5398,64,8,68
5401,67,9,68
5405,73,11,68
5410,76,12,68
5417,91,17,68
5425,100,20,68
5433,106,22,68
5444,109,23,68
5457,130,30,68
5465,124,28,68
5471,112,24,68
5494,142,34,68
5502,145,35,68
5520,154,38,68
5543,160,40,68
5548,163,41,68
5549,63,7,69
5551,66,8,69
5556,69,9,69
5558,75,11,69
5563,78,12,69
5572,93,17,69
5576,102,20,69
5589,111,23,69
5592,108,22,69
5608,114,24,69
5621,126,28,69
5629,132,30,69
5654,144,34,69
5661,147,35,69
5668,156,38,69
5698,162,40,69
5701,165,41,69
5702,61,7,70
5704,64,8,70
5707,67,9,70
5711,73,11,70
5716,76,12,70
5722,91,17,70
5729,100,20,70
5741,106,22,70
5746,109,23,70
5761,124,28,70
5768,112,24,70
5779,130,30,70
5804,142,34,70
5814,145,35,70
5821,154,38,70
5848,160,40,70
5854,163,41,70
5855,62,7,71
5857,65,8,71
5860,68,9,71
5864,74,11,71
5869,77,12,71
5875,92,17,71
5882,101,20,71
5890,107,22,71
5899,110,23,71
5914,131,30,71
5922,125,28,71
5930,113,24,71
5956,143,34,71
5966,146,35,71
5976,155,38,71
5999,161,40,71
6007,164,41,71
6008,63,7,72
6010,66,8,72
6013,69,9,72
6017,75,11,72
6022,78,12,72
6029,93,17,72
6038,102,20,72
6047,108,22,72
6052,111,23,72
6066,132,30,72
6077,126,28,72
6083,114,24,72
6109,144,34,72
6119,147,35,72
6127,156,38,72
6155,162,40,72
6160,165,41,72
6161,61,7,74
6163,65,8,74
6166,9,9,74
6170,74,11,74
6175,77,12,74
6203,91,17,74
6211,102,20,74
6220,107,22,74
6225,111,23,74
6246,24,24,74
6257,28,28,74
6267,131,30,74
6292,142,34,74
6302,145,35,74
6312,155,38,74
6340,160,40,74
6345,164,41,74
6346,44,1,84
6349,56,5,84
6362,62,7,86
6364,65,8,86
6367,68,9,86
6371,74,11,86
6376,77,12,86
6382,92,17,86
6389,110,23,86
6397,107,22,86
6404,101,20,86
6422,131,30,86
6431,125,28,86
6437,113,24,86
6459,143,34,86
6467,146,35,86
6481,155,38,86
6507,161,40,86
6514,164,41,86
6515,61,7,85
6517,64,8,85
6520,67,9,85
6524,73,11,85
6529,76,12,85
6535,91,17,85
6545,100,20,85
6554,106,22,85
6560,109,23,85
6580,112,24,85
6588,124,28,85
6599,130,30,85
6622,142,34,85
6626,145,35,85
6639,154,38,85
6663,160,40,85
6667,163,41,85
6668,63,7,87
6670,66,8,87
6673,69,9,87
6677,75,11,87
6700,78,12,87
6722,93,17,87
6728,102,20,87
6745,108,22,87
6748,111,23,87
6760,126,28,87
6773,132,30,87
6776,114,24,87
6804,144,34,87
6811,147,35,87
6827,156,38,87
6848,162,40,87
6851,165,41,87
6852,44,1,88
6854,55,5,88
6857,63,7,88
6861,64,8,88
6866,9,9,88
6872,73,11,88
6879,76,12,88
6887,80,13,88
6901,92,17,88
6907,99,19,88
6932,101,20,88
6935,103,21,88
6947,108,22,88
6958,109,23,88
6997,113,24,88
7009,125,28,88
7017,128,29,88
7022,132,30,88
7061,143,34,88
7072,145,35,88
7082,155,38,88
7121,161,40,88
7127,165,41,88
7128,61,7,89
7130,64,8,89
7135,67,9,89
7137,73,11,89
7142,76,12,89
7152,91,17,89
7158,100,20,89
7169,106,22,89
7175,109,23,89
7195,112,24,89
7201,124,28,89
7207,130,30,89
7229,142,34,89
7239,145,35,89
7255,154,38,89
7275,160,40,89
7280,163,41,89
7281,61,7,91
7284,64,8,91
7286,67,9,91
7292,73,11,91
7295,76,12,91
7305,91,17,91
7313,100,20,91
7318,106,22,91
7331,109,23,91
7344,112,24,91
7355,124,28,91
7366,130,30,91
7390,142,34,91
7398,145,35,91
7411,154,38,91
7427,160,40,91
7433,163,41,91
7434,61,7,92
7436,64,8,92
7439,67,9,92
7445,73,11,92
7448,76,12,92
7456,91,17,92
7464,100,20,92
7470,106,22,92
7481,109,23,92
7499,112,24,92
7506,124,28,92
7511,130,30,92
7533,142,34,92
7544,145,35,92
7562,154,38,92
7579,160,40,92
7586,163,41,92
7587,61,7,93
7589,64,8,93
7594,67,9,93
7596,73,11,93
7601,76,12,93
7610,91,17,93
7615,100,20,93
7626,106,22,93
7633,109,23,93
7649,112,24,93
7664,124,28,93
7667,130,30,93
7688,142,34,93
7712,145,35,93
7720,154,38,93
7736,160,40,93
7739,163,41,93
7740,63,7,94
7742,66,8,94
7745,69,9,94
7749,75,11,94
7754,78,12,94
7764,93,17,94
7767,102,20,94
7777,108,22,94
7785,111,23,94
7795,114,24,94
7811,126,28,94
7817,132,30,94
7838,144,34,94
7847,147,35,94
7866,156,38,94
7881,162,40,94
7892,165,41,94
7893,61,7,95
7895,64,8,95
7900,67,9,95
7902,73,11,95
7907,76,12,95
7916,91,17,95
7922,100,20,95
7934,106,22,95
7938,109,23,95
7956,112,24,95
7969,124,28,95
7975,130,30,95
7996,142,34,95
8015,145,35,95
8022,154,38,95
8041,160,40,95
8045,163,41,95
8046,61,7,96
8048,64,8,96
8053,67,9,96
8055,73,11,96
8060,76,12,96
8068,91,17,96
8077,100,20,96
8088,106,22,96
8090,109,23,96
8106,112,24,96
8119,124,28,96
8124,130,30,96
8154,142,34,96
8160,145,35,96
8171,154,38,96
8196,160,40,96
8198,163,41,96
8199,61,7,97
8201,64,8,97
8204,67,9,97
8211,73,11,97
8213,76,12,97
8220,91,17,97
8230,100,20,97
8235,106,22,97
8243,109,23,97
8260,112,24,97
8271,124,28,97
8278,130,30,97
8303,142,34,97
8311,145,35,97
8325,154,38,97
8346,160,40,97
8351,163,41,97
8352,45,1,98
8354,57,5,98
8357,63,7,98
8361,64,8,98
8366,68,9,98
8372,11,11,98
8382,13,13,98
8386,77,12,98
8396,92,17,98
8407,97,19,98
8418,20,20,98
8432,105,21,98
8442,108,22,98
8456,110,23,98
8491,114,24,98
8536,126,28,98
8548,129,29,98
8552,131,30,98
8596,143,34,98
8606,146,35,98
8631,156,38,98
8651,162,40,98
8657,164,41,98
8704,45,1,99
8706,57,5,99
8709,63,7,99
8713,66,8,99
8720,69,9,99
8724,75,11,99
8736,78,12,99
8739,81,13,99
8756,93,17,99
8766,102,20,99
8771,99,19,99
8792,105,21,99
8824,108,22,99
8828,111,23,99
8859,132,30,99
8866,129,29,99
8877,126,28,99
8883,114,24,99
8917,144,34,99
8924,147,35,99
8945,156,38,99
8984,162,40,99
8990,165,41,99
8991,45,1,100
8993,57,5,100
8996,63,7,100
9000,66,8,100
9006,69,9,100
9012,75,11,100
9018,78,12,100
9026,81,13,100
9041,93,17,100
9045,99,19,100
9064,102,20,100
9068,105,21,100
9095,108,22,100
9104,111,23,100
9120,129,29,100
9138,132,30,100
9152,114,24,100
9163,126,28,100
9209,144,34,100
9215,147,35,100
9221,156,38,100
9260,162,40,100
9266,165,41,100
9267,61,7,101
9269,64,8,101
9272,67,9,101
9276,73,11,101
9281,76,12,101
9290,91,17,101
9296,100,20,101
9308,106,22,101
9317,109,23,101
9330,112,24,101
9339,124,28,101
9351,130,30,101
9373,142,34,101
9382,145,35,101
9400,154,38,101
9415,160,40,101
9419,163,41,101
9420,61,7,102
9422,64,8,102
9427,69,9,102
9431,74,11,102
9436,78,12,102
9443,91,17,102
9453,101,20,102
9458,108,22,102
9471,23,23,102
9478,132,30,102
9497,113,24,102
9513,126,28,102
9545,142,34,102
9556,147,35,102
9584,154,38,102
9608,162,40,102
9612,163,41,102
9613,63,7,104
9615,64,8,104
9620,68,9,104
9622,73,11,104
9627,76,12,104
9634,93,17,104
9645,100,20,104
9652,107,22,104
9661,109,23,104
9667,130,30,104
9683,114,24,104
9691,124,28,104
9720,142,34,104
9740,147,35,104
9762,156,38,104
9773,160,40,104
9778,164,41,104
9779,63,7,105
9782,64,8,105
9785,69,9,105
9789,73,11,105
9794,76,12,105
9804,91,17,105
9813,102,20,105
9821,108,22,105
9828,110,23,105
9852,112,24,105
9861,125,28,105
9872,131,30,105
9894,144,34,105
9903,145,35,105
9922,156,38,105
9952,160,40,105
9956,165,41,105
9957,61,7,106
9960,66,8,106
9963,69,9,106
9969,73,11,106
9972,76,12,106
9983,93,17,106
9986,100,20,106
10001,106,22,106
10015,111,23,106
10021,131,30,106
10029,125,28,106
10033,112,24,106
10064,144,34,106
10074,145,35,106
10095,154,38,106
10136,160,40,106
10140,165,41,106
10141,61,7,107
10144,66,8,107
10149,69,9,107
10151,73,11,107
10156,78,12,107
10164,91,17,107
10175,100,20,107
10182,108,22,107
10188,111,23,107
10205,114,24,107
10213,126,28,107
10219,132,30,107
10244,142,34,107
10256,145,35,107
10270,156,38,107
10289,160,40,107
10294,165,41,107
10295,63,7,108
10297,64,8,108
10300,69,9,108
10307,75,11,108
10309,76,12,108
10318,93,17,108
10338,102,20,108
10343,106,22,108
10346,109,23,108
10369,114,24,108
10384,126,28,108
10389,132,30,108
10416,34,34,108
10442,147,35,108
10501,155,38,108
10528,162,40,108
10536,163,41,108
10537,61,7,109
10539,64,8,109
10543,68,9,109
10545,73,11,109
10552,76,12,109
10559,91,17,109
10572,106,22,109
10575,101,20,109
10586,109,23,109
10606,130,30,109
10609,124,28,109
10623,113,24,109
10655,143,34,109
10663,146,35,109
10674,154,38,109
10696,162,40,109
10700,164,41,109
10701,61,7,110
10706,64,8,110
10709,67,9,110
10713,73,11,110
10718,76,12,110
10726,91,17,110
10734,100,20,110
10741,106,22,110
10749,109,23,110
10769,112,24,110
10776,124,28,110
10782,130,30,110
10807,142,34,110
10816,145,35,110
10823,154,38,110
10850,160,40,110
10856,163,41,110
10857,61,7,111
10859,64,8,111
10862,67,9,111
10866,73,11,111
10871,78,12,111
10872,61,7,112
10874,65,8,112
10879,7,7,113
10880,61,7,114
10882,64,8,114
10885,69,9,114
10889,75,11,114
10890,63,7,115
10895,74,11,115
10897,66,8,115
10901,68,9,115
10909,77,12,115
10913,48,2,114
10918,45,1,114
10924,48,2,116
10925,43,1,116
10927,61,7,117
10929,64,8,117
10932,67,9,117
10936,73,11,117
10941,76,12,117
10950,91,17,117
10955,100,20,117
10968,106,22,117
10970,109,23,117
10989,112,24,117
11001,124,28,117
11009,130,30,117
11029,142,34,117
11039,145,35,117
11048,154,38,117
11074,160,40,117
11079,163,41,117
11080,43,1,118
11082,46,2,118
11083,61,7,120
11085,64,8,120
11090,68,9,120
11092,73,11,120
11097,76,12,120
11103,91,17,120
11118,100,20,120
11125,106,22,120
11133,109,23,120
11140,112,24,120
11154,124,28,120
11169,130,30,120
11186,142,34,120
11197,145,35,120
11217,154,38,120
11230,160,40,120
11235,163,41,120
11236,61,7,121
11238,64,8,121
11241,67,9,121
11245,73,11,121
11250,76,12,121
11261,91,17,121
11266,100,20,121
11275,106,22,121
11282,109,23,121
11294,112,24,121
11316,124,28,121
11323,130,30,121
11341,142,34,121
11351,145,35,121
11370,154,38,121
11385,160,40,121
11388,163,41,121
11391,59,6,114
11398,56,5,114
11405,52,4,114
11413,49,3,114
11442,71,10,114
11466,82,14,114
11476,79,13,114
11480,77,12,114
11508,86,15,114
11535,109,23,114
11546,107,22,114
11571,104,21,114
11577,102,20,114
11613,98,19,114
11618,96,18,114
11631,92,17,114
11657,90,16,114
11738,137,32,114
11753,135,31,114
11766,132,30,114
11786,128,29,114
11814,28,28,114
11837,123,27,114
11866,118,26,114
11883,115,25,114
11901,113,24,114
11992,141,33,114
12087,142,34,114
12094,145,35,114
12124,149,36,114
12151,152,37,114
12187,155,38,114
12229,157,39,114
12265,160,40,114
12270,165,41,114
12280,167,42,114
12491,7,7,122
12494,8,8,122
12497,9,9,122
12501,11,11,122
12506,12,12,122
12512,17,17,122
12524,20,20,122
12534,22,22,122
12538,23,23,122
12553,30,30,122
12562,28,28,122
12567,24,24,122
12594,34,34,122
12604,35,35,122
12611,38,38,122
12637,40,40,122
12644,41,41,122
12645,7,7,123
12647,8,8,123
12650,9,9,123
12654,11,11,123
12659,12,12,123
12666,17,17,123
12674,20,20,123
12684,22,22,123
12691,23,23,123
12699,30,30,123
12715,28,28,123
12720,24,24,123
12743,34,34,123
12751,35,35,123
12767,38,38,123
12789,40,40,123
12797,41,41,123
12798,61,7,124
12800,64,8,124
12803,67,9,124
12807,73,11,124
12808,63,7,125
12810,66,8,125
12815,69,9,125
12817,75,11,125
12822,78,12,125
12827,76,12,124
12837,93,17,125
12847,91,17,124
12851,102,20,125
12857,100,20,124
12869,108,22,125
12874,106,22,124
12884,111,23,125
12902,132,30,125
12903,109,23,124
12916,126,28,125
12917,114,24,125
12947,144,34,125
12956,147,35,125
12969,156,38,125
12985,112,24,124
13007,124,28,124
13021,130,30,124
13024,162,40,125
13029,165,41,125
13054,142,34,124
13062,145,35,124
13071,154,38,124
13114,160,40,124
13128,163,41,124
13393,43,1,126
13395,55,5,126
13398,61,7,126
13402,64,8,126
13411,67,9,126
13413,73,11,126
13420,76,12,126
13428,79,13,126
13437,91,17,126
13447,97,19,126
13458,100,20,126
13470,103,21,126
13483,106,22,126
13497,109,23,126
13513,112,24,126
13528,124,28,126
13550,127,29,126
13577,130,30,126
13598,142,34,126
13617,145,35,126
13646,154,38,126
13660,160,40,126
13668,163,41,126
13669,7,7,127
13671,11,11,127
13673,9,9,127
13676,8,8,127
13683,12,12,127
13693,22,22,127
13695,23,23,127
13702,17,17,127
13711,20,20,127
13724,24,24,127
13739,126,28,127
13750,132,30,127
13766,147,35,127
13780,144,34,127
13804,156,38,127
13814,165,41,127
13820,162,40,127
13822,7,7,128
13824,8,8,128
13827,9,9,128
13831,11,11,128
13836,12,12,128
13843,17,17,128
13852,20,20,128
13858,22,22,128
13870,23,23,128
13881,28,28,128
13886,24,24,128
13899,30,30,128
13923,34,34,128
13932,35,35,128
13945,38,38,128
13966,40,40,128
13974,41,41,128
13975,7,7,129
13977,8,8,129
13980,9,9,129
13984,11,11,129
13989,12,12,129
13995,17,17,129
14008,20,20,129
14011,22,22,129
14019,23,23,129
14037,24,24,129
14046,28,28,129
14053,30,30,129
14074,34,34,129
14086,35,35,129
14098,38,38,129
14122,40,40,129
14127,41,41,129
14128,7,7,130
14130,8,8,130
14133,9,9,130
14137,11,11,130
14142,12,12,130
14150,17,17,130
14158,20,20,130
14167,22,22,130
14172,23,23,130
14191,24,24,130
14200,28,28,130
14205,30,30,130
14227,34,34,130
14234,35,35,130
14254,38,38,130
14275,40,40,130
14280,41,41,130
14281,7,7,131
14283,11,11,131
14285,9,9,131
14288,8,8,131
14296,77,12,131
14313,107,22,131
14318,110,23,131
14327,101,20,131
14332,92,17,131
14353,132,30,131
14357,126,28,131
14366,113,24,131
14388,146,35,131
14399,143,34,131
14426,155,38,131
14439,164,41,131
14442,161,40,131
14444,63,7,133
14446,66,8,133
14449,69,9,133
14453,75,11,133
14458,78,12,133
14464,93,17,133
14474,102,20,133
14479,108,22,133
14488,111,23,133
14489,7,7,132
14497,8,8,132
14504,114,24,133
14508,9,9,132
14522,11,11,132
14525,126,28,133
14532,132,30,133
14538,12,12,132
14553,144,34,133
14559,17,17,132
14584,20,20,132
14590,22,22,132
14591,147,35,133
14618,23,23,132
14626,155,38,133
14635,30,30,132
14648,28,28,132
14657,161,40,133
14661,24,24,132
14677,164,41,133
14698,34,34,132
14709,35,35,132
14719,38,38,132
14744,40,40,132
14749,41,41,132
14750,61,7,134
14752,64,8,134
14757,67,9,134
14759,73,11,134
14764,76,12,134
14773,91,17,134
14778,100,20,134
14792,106,22,134
14795,109,23,134
14814,112,24,134
14829,124,28,134
14833,130,30,134
14855,142,34,134
14865,145,35,134
14886,154,38,134
14895,160,40,134
14902,163,41,134
14903,61,7,135
14905,64,8,135
14908,67,9,135
14912,73,11,135
14917,76,12,135
14925,91,17,135
14932,100,20,135
14939,109,23,135
14946,106,22,135
14967,112,24,135
14977,124,28,135
14987,130,30,135
15006,142,34,135
15015,145,35,135
15032,154,38,135
15051,160,40,135
15055,163,41,135
15056,7,7,136
15058,8,8,136
15061,9,9,136
15065,11,11,136
15070,12,12,136
15076,17,17,136
15087,20,20,136
15092,22,22,136
15105,23,23,136
15117,30,30,136
15126,28,28,136
15131,24,24,136
15153,34,34,136
15166,35,35,136
15178,38,38,136
15200,40,40,136
15208,41,41,136
15209,7,7,137
15211,8,8,137
15214,9,9,137
15218,11,11,137
15223,12,12,137
15229,17,17,137
15242,20,20,137
15244,22,22,137
15259,23,23,137
15270,30,30,137
15279,28,28,137
15284,24,24,137
15309,34,34,137
15321,35,35,137
15328,38,38,137
15357,40,40,137
15361,41,41,137
15362,61,7,138
15364,64,8,138
15367,67,9,138
15371,73,11,138
15376,76,12,138
15384,91,17,138
15391,100,20,138
15400,106,22,138
15406,109,23,138
15420,130,30,138
15430,124,28,138
15437,112,24,138
15458,142,34,138
15472,145,35,138
15484,154,38,138
15507,160,40,138
15514,163,41,138
15515,61,7,139
15517,64,8,139
15520,67,9,139
15524,73,11,139
15529,12,12,139
15540,91,17,139
15542,100,20,139
15557,106,22,139
15560,109,23,139
15575,130,30,139
15588,124,28,139
15589,112,24,139
15620,142,34,139
15627,145,35,139
15652,154,38,139
15665,160,40,139
15667,163,41,139
15668,63,7,141
15670,65,8,141
15673,68,9,141
15677,73,11,141
15682,77,12,141
15688,93,17,141
15697,101,20,141
15706,107,22,141
15712,110,23,141
15727,112,24,141
15737,125,28,141
15745,131,30,141
15770,143,34,141
15779,147,35,141
15787,155,38,141
15816,160,40,141
15820,165,41,141
15821,7,7,143
15823,66,8,143
15828,69,9,143
15832,75,11,143
15837,78,12,143
15844,93,17,143
15853,102,20,143
15862,108,22,143
15869,111,23,143
15890,114,24,143
15894,126,28,143
15908,132,30,143
15930,144,34,143
15933,147,35,143
15954,156,38,143
15970,162,40,143
15975,165,41,143
15976,63,7,142
15978,66,8,142
15981,69,9,142
15985,75,11,142
15990,78,12,142
15998,93,17,142
16003,102,20,142
16017,108,22,142
16020,111,23,142
16037,114,24,142
16048,126,28,142
16054,132,30,142
16077,144,34,142
16087,147,35,142
16100,156,38,142
16123,162,40,142
16128,165,41,142
16129,61,7,144
16132,64,8,144
16135,67,9,144
16139,73,11,144
16144,76,12,144
16152,91,17,144
16161,100,20,144
16172,106,22,144
16176,109,23,144
16198,112,24,144
16199,124,28,144
16213,130,30,144
16225,142,34,144
16248,145,35,144
16270,154,38,144
16277,160,40,144
16282,163,41,144
16283,61,7,145
16286,64,8,145
16291,67,9,145
16293,73,11,145
16302,76,12,145
16307,91,17,145
16313,100,20,145
16327,106,22,145
16331,109,23,145
16347,124,28,145
16355,112,24,145
16371,130,30,145
16393,142,34,145
16402,145,35,145
16418,154,38,145
16431,160,40,145
16436,163,41,145
16437,61,7,146
16439,64,8,146
16442,73,11,146
16445,67,9,146
16454,76,12,146
16457,91,17,146
16468,100,20,146
16473,106,22,146
16487,109,23,146
16501,112,24,146
16506,124,28,146
16519,130,30,146
16541,142,34,146
16552,145,35,146
16573,154,38,146
16584,160,40,146
16589,163,41,146
16590,61,7,147
16592,64,8,147
16595,67,9,147
16599,73,11,147
16604,76,12,147
16614,91,17,147
16623,100,20,147
16630,106,22,147
16635,109,23,147
16656,112,24,147
16664,124,28,147
16673,130,30,147
16680,142,34,147
16711,145,35,147
16726,154,38,147
16737,160,40,147
16742,163,41,147
16743,61,7,148
16745,64,8,148
16748,67,9,148
16754,73,11,148
16757,76,12,148
16766,91,17,148
16771,100,20,148
16784,106,22,148
16795,109,23,148
16810,112,24,148
16818,124,28,148
16829,130,30,148
16851,142,34,148
16861,145,35,148
16877,154,38,148
16888,160,40,148
16895,163,41,148
16896,61,7,149
16898,64,8,149
16903,67,9,149
16905,73,11,149
16915,76,12,149
16920,91,17,149
16923,100,20,149
16941,106,22,149
16948,109,23,149
16962,112,24,149
16971,124,28,149
16982,130,30,149
17000,142,34,149
17010,145,35,149
17030,154,38,149
17044,160,40,149
17048,163,41,149
17049,63,7,150
17052,66,8,150
17054,69,9,150
17061,75,11,150
17063,78,12,150
17072,93,17,150
17079,102,20,150
17093,108,22,150
17096,111,23,150
17110,126,28,150
17126,114,24,150
17134,132,30,150
17156,144,34,150
17164,147,35,150
17183,156,38,150
17196,162,40,150
17201,165,41,150
17202,61,7,151
17205,64,8,151
17207,67,9,151
17213,73,11,151
17216,76,12,151
17226,91,17,151
17234,100,20,151
17241,106,22,151
17248,109,23,151
17265,112,24,151
17275,124,28,151
17287,130,30,151
17304,142,34,151
17311,145,35,151
17333,154,38,151
17350,160,40,151
17354,163,41,151
17355,62,7,152
17357,65,8,152
17360,68,9,152
17364,74,11,152
17369,77,12,152
17379,92,17,152
17386,101,20,152
17392,107,22,152
17409,110,23,152
17420,113,24,152
17434,125,28,152
17442,131,30,152
17463,143,34,152
17474,146,35,152
17492,155,38,152
17499,161,40,152
17507,164,41,152
17508,63,7,153
17510,66,8,153
17513,69,9,153
17517,74,11,153
17523,77,12,153
17531,92,17,153
17538,101,20,153
17551,108,22,153
17554,111,23,153
17568,126,28,153
17581,132,30,153
17583,113,24,153
17607,144,34,153
17617,147,35,153
17627,156,38,153
17730,160,40,153
17735,163,41,153
17736,63,7,154
17738,66,8,154
17741,69,9,154
17745,75,11,154
17750,78,12,154
17759,93,17,154
17766,102,20,154
17776,108,22,154
17782,111,23,154
17802,114,24,154
17811,126,28,154
17820,132,30,154
17838,144,34,154
17846,147,35,154
17867,156,38,154
17882,162,40,154
17888,165,41,154
17889,45,1,155
17891,57,5,155
17894,63,7,155
17899,66,8,155
17905,69,9,155
17909,75,11,155
17920,78,12,155
17926,81,13,155
17947,93,17,155
17951,99,19,155
17974,102,20,155
17978,108,22,155
17997,105,21,155
18007,111,23,155
18037,114,24,155
18051,126,28,155
18068,129,29,155
18082,132,30,155
18112,144,34,155
18127,147,35,155
18146,156,38,155
18157,162,40,155
18164,165,41,155
18165,45,1,156
18167,48,2,156
18172,51,3,156
18174,54,4,156
18182,57,5,156
18185,60,6,156
18193,63,7,156
18206,66,8,156
18219,69,9,156
18225,72,10,156
18237,75,11,156
18265,78,12,156
18269,81,13,156
18274,84,14,156
18308,87,15,156
18335,90,16,156
18349,93,17,156
18385,96,18,156
18398,99,19,156
18418,102,20,156
18422,105,21,156
18469,108,22,156
18474,111,23,156
18531,114,24,156
18551,117,25,156
18573,120,26,156
18582,123,27,156
18644,126,28,156
18650,129,29,156
18718,132,30,156
18739,135,31,156
18761,138,32,156
18768,141,33,156
18848,144,34,156
18854,147,35,156
18933,150,36,156
18965,153,37,156
18986,156,38,156
18991,159,39,156
19046,162,40,156
19049,165,41,156
19067,168,42,156
19068,7,7,157
19070,8,8,157
19074,9,9,157
19077,11,11,157
19082,12,12,157
19088,17,17,157
19095,100,20,157
19109,22,22,157
19112,23,23,157
19137,24,24,157
19140,28,28,157
19145,30,30,157
19314,35,35,157
19316,34,34,157
19352,38,38,157
19362,40,40,157
19364,41,41,157
19365,63,7,158
19367,66,8,158
19371,69,9,158
19374,75,11,158
19379,78,12,158
19387,93,17,158
19392,102,20,158
19403,108,22,158
19409,111,23,158
19429,114,24,158
19435,126,28,158
19450,132,30,158
19469,144,34,158
19472,145,35,158
19499,38,38,158
19514,40,40,158
19517,41,41,158
19518,62,7,90
19522,66,8,90
19525,69,9,90
19529,74,11,90
19534,78,12,90
19540,92,17,90
19553,102,20,90
19555,108,22,90
19571,110,23,90
19581,132,30,90
19584,126,28,90
19597,114,24,90
19616,146,35,90
19623,143,34,90
19648,156,38,90
19660,162,40,90
19672,165,41,90
19673,63,7,160
19675,66,8,160
19679,69,9,160
19682,75,11,160
19687,78,12,160
19696,93,17,160
19701,102,20,160
19714,108,22,160
19716,111,23,160
19739,114,24,160
19747,126,28,160
19754,132,30,160
19787,144,34,160
19791,147,35,160
19808,156,38,160
19817,162,40,160
19825,165,41,160
19826,45,1,159
19828,57,5,159
19831,63,7,159
19835,66,8,159
19840,69,9,159
19846,75,11,159
19853,77,12,159
19861,80,13,159
19871,92,17,159
19887,99,19,159
19891,102,20,159
19907,105,21,159
19923,108,22,159
19935,111,23,159
19953,114,24,159
19973,126,28,159
19989,128,29,159
20006,131,30,159
20028,143,34,159
20035,146,35,159
20058,155,38,159
20089,161,40,159
20101,164,41,159
20102,1,1,162
20104,5,5,162
20107,7,7,162
20111,8,8,162
20132,9,9,162
20138,11,11,162
20150,12,12,162
20153,13,13,162
20170,22,22,162
20171,23,23,162
20187,20,20,162
20193,21,21,162
20208,19,19,162
20217,17,17,162
20253,30,30,162
20260,29,29,162
20274,28,28,162
20294,24,24,162
20321,35,35,162
20343,34,34,162
20373,38,38,162
20407,40,40,162
20427,41,41,162
20438,61,7,165
20439,62,7,163
20453,62,7,166
20454,63,7,167
20459,62,7,168
20460,62,7,169
20469,65,8,169
20480,68,9,169
20487,75,11,169
20497,77,12,169
20508,92,17,169
20510,101,20,169
20525,107,22,169
20527,110,23,169
20537,112,24,169
20551,125,28,169
20560,131,30,169
20585,143,34,169
20599,147,35,169
20624,156,38,169
20637,162,40,169
20649,164,41,169
20650,62,7,170
20652,65,8,170
20655,68,9,170
20659,74,11,170
20664,77,12,170
20673,92,17,170
20677,101,20,170
20687,110,23,170
20693,107,22,170
20715,113,24,170
20723,125,28,170
20727,131,30,170
20750,142,34,170
20759,146,35,170
20781,155,38,170
20796,161,40,170
20802,164,41,170
20803,62,7,171
20805,65,8,171
20808,68,9,171
20812,74,11,171
20817,76,12,171
20828,93,17,171
20831,102,20,171
20844,108,22,171
20849,111,23,171
20869,114,24,171
20878,126,28,171
20887,132,30,171
20909,144,34,171
20919,147,35,171
20935,156,38,171
20951,162,40,171
20955,165,41,171
20956,62,7,172
20961,62,7,173
20962,61,7,174
20964,65,8,174
20968,68,9,174
20970,74,11,174
20976,78,12,174
20982,92,17,174
20991,100,20,174
20999,107,22,174
21006,111,23,174
21033,113,24,174
21041,126,28,174
21055,132,30,174
21061,145,35,174
21074,144,34,174
21092,154,38,174
21118,161,40,174
21123,165,41,174
21124,61,7,176
21126,64,8,176
21130,67,9,176
21133,73,11,176
21138,76,12,176
21148,91,17,176
21151,100,20,176
21161,109,23,176
21170,106,22,176
21188,112,24,176
21202,124,28,176
21206,130,30,176
21233,142,34,176
21238,145,35,176
21266,154,38,176
21272,160,40,176
21276,163,41,176
21277,61,7,177
21279,64,8,177
21282,67,9,177
21288,73,11,177
21291,76,12,177
21300,91,17,177
21306,100,20,177
21322,106,22,177
21325,109,23,177
21337,112,24,177
21357,124,28,177
21373,130,30,177
21380,142,34,177
21389,145,35,177
21401,154,38,177
21425,160,40,177
21429,163,41,177
21430,61,7,178
21432,64,8,178
21435,67,9,178
21439,73,11,178
21444,76,12,178
21456,91,17,178
21461,100,20,178
21470,106,22,178
21487,109,23,178
21492,112,24,178
21511,124,28,178
21521,130,30,178
21529,142,34,178
21547,145,35,178
21567,154,38,178
21578,160,40,178
21582,163,41,178
21583,61,7,179
21585,64,8,179
21588,67,9,179
21592,73,11,179
21597,76,12,179
21606,91,17,179
21610,100,20,179
21625,109,23,179
21630,106,22,179
21643,112,24,179
21662,124,28,179
21666,130,30,179
21684,142,34,179
21697,145,35,179
21714,154,38,179
21731,160,40,179
21735,163,41,179
21736,63,7,180
21739,65,8,180
21744,69,9,180
21746,74,11,180
21754,78,12,180
21764,93,17,180
21772,102,20,180
21783,107,22,180
21790,111,23,180
21807,114,24,180
21816,126,28,180
21836,131,30,180
21852,144,34,180
21862,146,35,180
21878,156,38,180
21894,162,40,180
21904,165,41,180
21906,63,7,181
21908,66,8,181
21911,69,9,181
21918,75,11,181
21920,78,12,181
21929,93,17,181
21935,108,22,181
21945,111,23,181
21948,102,20,181
21969,114,24,181
21987,126,28,181
21991,132,30,181
22015,144,34,181
22020,147,35,181
22047,156,38,181
22054,162,40,181
22058,165,41,181
22059,62,7,182
22083,61,7,184
22086,61,7,185
22090,65,8,185
22093,67,9,185
22102,73,11,185
22109,76,12,185
22118,91,17,185
22123,100,20,185
22138,106,22,185
22151,109,23,185
22159,112,24,185
22170,124,28,185
22181,130,30,185
22200,142,34,185
22209,145,35,185
22225,154,38,185
22242,160,40,185
22247,163,41,185
22248,61,7,186
22250,64,8,186
22255,67,9,186
22257,73,11,186
22265,76,12,186
22271,91,17,186
22279,100,20,186
22289,106,22,186
22297,109,23,186
22310,112,24,186
22330,124,28,186
22337,130,30,186
22351,142,34,186
22360,145,35,186
22386,154,38,186
22397,160,40,186
22400,163,41,186
22401,61,7,187
22403,64,8,187
22406,67,9,187
22410,73,11,187
22415,76,12,187
22423,91,17,187
22431,100,20,187
22441,106,22,187
22448,109,23,187
22465,112,24,187
22475,124,28,187
22478,130,30,187
22509,145,35,187
22520,142,34,187
22549,154,38,187
22561,160,40,187
22566,163,41,187
22567,63,7,164
22575,61,7,188
22577,64,8,188
22580,69,9,188
22584,75,11,188
22589,76,12,188
22598,91,17,188
22606,100,20,188
22613,109,23,188
22622,106,22,188
22634,112,24,188
22638,124,28,188
22667,130,30,188
22683,142,34,188
22691,145,35,188
22714,154,38,188
22719,160,40,188
22728,163,41,188
22729,61,7,190
22731,64,8,190
22734,67,9,190
22738,73,11,190
22743,76,12,190
22749,91,17,190
22756,100,20,190
22764,106,22,190
22774,109,23,190
22791,112,24,190
22802,124,28,190
22835,130,30,190
22843,142,34,190
22860,145,35,190
22886,154,38,190
22891,160,40,190
22895,163,41,190
22896,61,7,191
22898,64,8,191
22901,67,9,191
22905,73,11,191
22910,76,12,191
22916,91,17,191
22924,100,20,191
22932,106,22,191
22942,109,23,191
22953,112,24,191
22963,124,28,191
22975,130,30,191
22988,142,34,191
23001,145,35,191
23022,154,38,191
23035,160,40,191
23048,163,41,191
23058,61,7,192
23060,66,8,192
23067,68,9,192
23071,73,11,192
23076,76,12,192
23082,91,17,192
23089,101,20,192
23103,107,22,192
23116,110,23,192
23123,112,24,192
23145,124,28,192
23149,130,30,192
23163,142,34,192
23171,145,35,192
23184,154,38,192
23195,160,40,192
23215,164,41,192
23216,63,7,193
23220,64,8,193
23223,67,9,193
23230,73,11,193
23232,76,12,193
23241,91,17,193
23245,100,20,193
23261,106,22,193
23264,109,23,193
23276,112,24,193
23285,124,28,193
23296,130,30,193
23315,142,34,193
23322,145,35,193
23340,154,38,193
23366,160,40,193
23370,163,41,193
23371,61,7,194
23373,64,8,194
23377,67,9,194
23380,73,11,194
23387,76,12,194
23391,91,17,194
23408,100,20,194
23411,106,22,194
23415,109,23,194
23452,112,24,194
23457,124,28,194
23463,130,30,194
23478,142,34,194
23488,145,35,194
23514,154,38,194
23517,160,40,194
23523,163,41,194
23524,61,7,195
23525,62,7,196
23527,66,8,196
23530,69,9,196
23534,11,11,196
23535,62,7,197
23537,61,7,189
23539,61,7,198
23541,64,8,198
23544,68,9,198
23549,74,11,198
23572,77,12,196
23582,77,12,198
23588,91,17,198
23589,62,7,199
23591,65,8,199
23594,68,9,199
23598,75,11,199
23607,77,12,199
23613,93,17,199
23620,101,20,199
23629,108,22,199
23639,111,23,199
23647,114,24,199
23661,125,28,199
23670,132,30,199
23685,143,34,199
23697,145,35,199
23718,156,38,199
23730,162,40,199
23748,163,41,199
23774,61,7,200
23779,65,8,200
23780,62,7,183
23782,65,8,183
23787,67,9,183
23789,75,11,183
23794,77,12,183
23803,93,17,183
23808,100,20,183
23822,107,22,183
23834,111,23,183
23846,114,24,183
23856,126,28,183
23866,130,30,183
23884,144,34,183
23898,146,35,183
23913,155,38,183
23927,162,40,183
23932,164,41,183
23945,101,20,198
23954,108,22,198
23963,110,23,198
23980,112,24,198
23988,125,28,198
23997,131,30,198
24010,143,34,198
24024,146,35,198
24041,155,38,198
24068,161,40,198
24104,164,41,198
24105,61,7,175
24106,63,7,201
24108,66,8,201
24111,69,9,201
24115,75,11,201
24120,78,12,201
24128,93,17,201
24135,102,20,201
24150,108,22,201
24153,111,23,201
24169,114,24,201
24188,126,28,201
24192,132,30,201
24209,144,34,201
24218,147,35,201
24239,156,38,201
24254,162,40,201
24258,165,41,201
24259,63,7,202
24261,65,8,202
24264,9,9,202
24268,11,11,202
24274,12,12,202
24279,17,17,202
24295,20,20,202
24298,22,22,202
24304,23,23,202
24329,24,24,202
24334,28,28,202
24342,30,30,202
24361,34,34,202
24383,35,35,202
24393,38,38,202
24407,40,40,202
24411,41,41,202
24412,63,7,203
24414,62,7,204
24416,63,7,205
24418,45,1,207
24420,46,2,207
24423,51,3,207
24428,53,4,207
24432,55,5,207
24438,58,6,207
24447,61,7,207
24456,64,8,207
24476,68,9,207
24480,70,10,207
24498,73,11,207
24510,77,12,207
24535,80,13,207
24547,82,14,207
24565,86,15,207
24595,90,16,207
24608,93,17,207
24629,96,18,207
24650,97,19,207
24667,100,20,207
24694,103,21,207
24725,106,22,207
24740,109,23,207
24775,114,24,207
24817,119,26,207
24850,121,27,207
24888,124,28,207
24908,127,29,207
24954,130,30,207
24978,133,31,207
25001,136,32,207
25002,115,25,207
25081,139,33,207
25113,143,34,207
25161,146,35,207
25197,149,36,207
25227,151,37,207
25268,156,38,207
25315,159,39,207
25349,162,40,207
25386,164,41,207
25409,42,42,207
25429,61,7,208
25431,64,8,208
25435,67,9,208
25438,73,11,208
25444,76,12,208
25455,91,17,208
25462,100,20,208
25468,106,22,208
25477,109,23,208
25496,112,24,208
25505,124,28,208
25515,130,30,208
25538,142,34,208
25564,145,35,208
25568,154,38,208
25578,160,40,208
25581,163,41,208
25582,63,7,209
25584,69,9,209
25588,8,8,209
25589,74,11,209
25596,77,12,209
25605,93,17,209
25610,101,20,209
25623,108,22,209
25630,110,23,209
25644,113,24,209
25657,125,28,209
25659,131,30,209
25691,143,34,209
25699,145,35,209
25715,156,38,209
25726,162,40,209
25734,163,41,209
25735,44,1,212
25737,56,5,212
25740,62,7,212
25744,65,8,212
25750,68,9,212
25755,74,11,212
25763,77,12,212
25770,80,13,212
25784,92,17,212
25791,98,19,212
25812,101,20,212
25818,104,21,212
25829,107,22,212
25848,110,23,212
25867,113,24,212
25886,125,28,212
25902,128,29,212
25917,131,30,212
25944,143,34,212
25953,146,35,212
25976,155,38,212
26004,161,40,212
26010,164,41,212
26011,63,7,213
26013,66,8,213
26016,69,9,213
26020,75,11,213
26025,78,12,213
26033,93,17,213
26040,102,20,213
26047,108,22,213
26055,111,23,213
26070,114,24,213
26080,126,28,213
26091,132,30,213
26112,144,34,213
26121,147,35,213
26133,156,38,213
26158,162,40,213
26163,165,41,213
26165,62,7,214
26167,65,8,214
26170,68,9,214
26174,74,11,214
26179,78,12,214
26185,92,17,214
26197,101,20,214
26201,107,22,214
26209,109,23,214
26210,7,7,215
26214,8,8,215
26217,9,9,215
26221,11,11,215
26226,12,12,215
26234,17,17,215
26239,20,20,215
26253,22,22,215
26258,23,23,215
26276,24,24,215
26283,28,28,215
26296,30,30,215
26312,34,34,215
26320,35,35,215
26340,38,38,215
26358,40,40,215
26364,41,41,215
26365,62,7,216
26368,65,8,216
26371,68,9,216
26375,74,11,216
26380,77,12,216
26386,92,17,216
26393,101,20,216
26401,107,22,216
26410,110,23,216
26420,113,24,216
26431,125,28,216
26443,131,30,216
26457,143,34,216
26472,146,35,216
26488,155,38,216
26505,161,40,216
26522,164,41,216
26524,62,7,217
26526,65,8,217
26529,68,9,217
26533,74,11,217
26538,77,12,217
26544,92,17,217
26551,101,20,217
26559,107,22,217
26569,110,23,217
26580,113,24,217
26591,125,28,217
26603,131,30,217
26616,143,34,217
26630,146,35,217
26645,155,38,217
26661,161,40,217
26679,164,41,217
26686,7,7,218
26689,8,8,218
26692,9,9,218
26696,11,11,218
26701,12,12,218
26709,17,17,218
26714,20,20,218
26729,22,22,218
26732,23,23,218
26747,24,24,218
26758,28,28,218
26766,30,30,218
26785,34,34,218
26797,35,35,218
26812,38,38,218
26832,40,40,218
26839,41,41,218
26840,63,7,219
26842,66,8,219
26845,69,9,219
26849,75,11,219
26854,78,12,219
26861,91,17,219
26867,20,20,219
26878,22,22,219
26884,23,23,219
26901,24,24,219
26911,28,28,219
26918,30,30,219
26934,34,34,219
26946,35,35,219
26959,38,38,219
26987,40,40,219
26992,41,41,219
26993,63,7,220
26995,66,8,220
26998,69,9,220
27002,75,11,220
27007,78,12,220
27014,92,17,220
27024,20,20,220
27031,22,22,220
27037,23,23,220
27057,24,24,220
27064,28,28,220
27074,30,30,220
27092,34,34,220
27102,35,35,220
27117,38,38,220
27140,40,40,220
27145,41,41,220
27146,63,7,221
27148,66,8,221
27153,69,9,221
27155,75,11,221
27160,78,12,221
27166,93,17,221
27173,111,23,221
27181,108,22,221
27188,102,20,221
27205,114,24,221
27215,126,28,221
27233,132,30,221
27244,143,34,221
27250,35,35,221
27304,38,38,221
27322,40,40,221
27326,41,41,221
27327,63,7,222
27329,66,8,222
27332,69,9,222
27336,75,11,222
27341,78,12,222
27349,93,17,222
27355,102,20,222
27369,108,22,222
27371,111,23,222
27387,114,24,222
27396,126,28,222
27404,132,30,222
27417,144,34,222
27433,35,35,222
27448,38,38,222
27472,40,40,222
27479,41,41,222
27480,63,7,223
27482,66,8,223
27485,69,9,223
27489,75,11,223
27494,78,12,223
27502,93,17,223
27507,102,20,223
27522,108,22,223
27526,111,23,223
27538,114,24,223
27548,126,28,223
27557,132,30,223
27579,144,34,223
27588,147,35,223
27602,156,38,223
27623,40,40,223
27632,41,41,223
27633,63,7,224
27635,66,8,224
27638,69,9,224
27642,75,11,224
27647,78,12,224
27654,93,17,224
27662,102,20,224
27668,108,22,224
27681,111,23,224
27693,114,24,224
27705,126,28,224
27713,132,30,224
27727,144,34,224
27744,147,35,224
27753,156,38,224
27769,160,40,224
27785,41,41,224
27786,63,7,225
27788,66,8,225
27791,69,9,225
27795,75,11,225
27800,78,12,225
27809,93,17,225
27813,102,20,225
27828,108,22,225
27832,111,23,225
27844,114,24,225
27854,132,30,225
27865,126,28,225
27887,144,34,225
27896,147,35,225
27911,156,38,225
27932,162,40,225
27938,165,41,225
27939,7,7,226
27941,8,8,226
27944,9,9,226
27948,11,11,226
27953,12,12,226
27960,17,17,226
27966,22,22,226
27974,23,23,226
27981,20,20,226
27999,24,24,226
28004,28,28,226
28022,30,30,226
28037,34,34,226
28047,35,35,226
28066,38,38,226
28086,40,40,226
28091,41,41,226
28092,63,7,227
28094,66,8,227
28097,69,9,227
28101,75,11,227
28106,78,12,227
28112,91,17,227
28125,20,20,227
28127,23,23,227
28135,22,22,227
28152,24,24,227
28159,28,28,227
28179,30,30,227
28191,34,34,227
28199,35,35,227
28218,38,38,227
28237,40,40,227
28244,41,41,227
28245,63,7,228
28247,66,8,228
28250,69,9,228
28254,75,11,228
28259,78,12,228
28265,92,17,228
28274,20,20,228
28284,22,22,228
28289,23,23,228
28306,24,24,228
28316,28,28,228
28326,30,30,228
28344,34,34,228
28355,35,35,228
28365,38,38,228
28392,40,40,228
28397,41,41,228
28398,63,7,229
28400,66,8,229
28403,69,9,229
28407,75,11,229
28412,78,12,229
28420,93,17,229
28425,102,20,229
28440,108,22,229
28443,111,23,229
28459,114,24,229
28468,126,28,229
28475,132,30,229
28488,143,34,229
28509,35,35,229
28524,38,38,229
28541,40,40,229
28550,41,41,229
28551,63,7,230
28553,66,8,230
28557,69,9,230
28560,75,11,230
28565,78,12,230
28572,93,17,230
28580,102,20,230
28587,108,22,230
28597,111,23,230
28611,114,24,230
28616,126,28,230
28630,132,30,230
28648,144,34,230
28660,35,35,230
28681,38,38,230
28698,40,40,230
28703,41,41,230
28704,63,7,231
28706,66,8,231
28709,69,9,231
28713,75,11,231
28718,78,12,231
28726,93,17,231
28732,102,20,231
28743,108,22,231
28748,111,23,231
28765,114,24,231
28775,126,28,231
28784,132,30,231
28802,144,34,231
28814,147,35,231
28833,156,38,231
28851,40,40,231
28862,41,41,231
28891,63,7,232
28893,66,8,232
28896,69,9,232
28900,75,11,232
28905,78,12,232
28914,93,17,232
28918,102,20,232
28930,108,22,232
28936,111,23,232
28954,114,24,232
28965,126,28,232
28973,132,30,232
28992,144,34,232
29008,147,35,232
29017,156,38,232
29035,160,40,232
29048,41,41,232
29078,63,7,233
29080,66,8,233
29083,69,9,233
29087,75,11,233
29092,78,12,233
29099,93,17,233
29108,108,22,233
29113,111,23,233
29120,102,20,233
29139,114,24,233
29150,126,28,233
29159,132,30,233
29175,144,34,233
29188,147,35,233
29207,156,38,233
29225,162,40,233
29230,165,41,233
29231,7,7,234
29233,8,8,234
29238,9,9,234
29240,11,11,234
29245,12,12,234
29253,17,17,234
29258,20,20,234
29273,22,22,234
29277,23,23,234
29290,24,24,234
29301,28,28,234
29313,30,30,234
29329,34,34,234
29340,35,35,234
29361,38,38,234
29376,40,40,234
29383,41,41,234
29384,63,7,235
29386,66,8,235
29389,69,9,235
29393,75,11,235
29398,78,12,235
29405,91,17,235
29414,20,20,235
29424,22,22,235
29429,23,23,235
29443,24,24,235
29453,28,28,235
29463,30,30,235
29480,34,34,235
29494,35,35,235
29503,38,38,235
29531,40,40,235
29536,41,41,235
29537,63,7,236
29539,66,8,236
29544,69,9,236
29546,75,11,236
29551,78,12,236
29557,93,17,236
29565,102,20,236
29575,108,22,236
29583,111,23,236
29597,114,24,236
29615,126,28,236
29618,132,30,236
29633,143,34,236
29641,35,35,236
29709,38,38,236
29725,40,40,236
29731,41,41,236
29732,63,7,237
29734,66,8,237
29737,69,9,237
29741,75,11,237
29746,78,12,237
29753,91,17,237
29761,20,20,237
29771,22,22,237
29776,23,23,237
29793,24,24,237
29802,28,28,237
29814,30,30,237
29829,34,34,237
29839,35,35,237
29858,38,38,237
29879,40,40,237
29884,41,41,237
29885,63,7,238
29887,66,8,238
29890,69,9,238
29894,75,11,238
29899,78,12,238
29907,93,17,238
29913,102,20,238
29921,108,22,238
29934,111,23,238
29946,114,24,238
29956,126,28,238
29965,132,30,238
29984,144,34,238
29996,35,35,238
30013,38,38,238
30030,40,40,238
30037,41,41,238
30038,63,7,239
30040,66,8,239
30043,69,9,239
30047,75,11,239
30052,78,12,239
30059,93,17,239
30068,102,20,239
30075,108,22,239
30084,111,23,239
30099,114,24,239
30109,126,28,239
30120,132,30,239
30136,144,34,239
30150,147,35,239
30166,156,38,239
30185,40,40,239
30190,41,41,239
30191,61,7,240
30193,66,8,240
30196,67,9,240
30200,73,11,240
30209,77,12,240
30215,92,17,240
30222,101,20,240
30235,22,22,240
30242,110,23,240
30256,114,24,240
30267,125,28,240
30277,132,30,240
30297,143,34,240
30312,147,35,240
30328,156,38,240
30343,162,40,240
30362,164,41,240
30363,45,1,241
30365,48,2,241
30368,50,3,241
30372,54,4,241
30377,57,5,241
30383,60,6,241
30390,63,7,241
30398,66,8,241
30408,69,9,241
30419,75,11,241
30428,72,10,241
30445,78,12,241
30457,81,13,241
30467,84,14,241
30490,87,15,241
30499,90,16,241
30518,93,17,241
30540,95,18,241
30563,99,19,241
30588,102,20,241
30607,103,21,241
30636,107,22,241
30659,110,23,241
30685,113,24,241
30716,117,25,241
30725,122,27,241
30769,119,26,241
30803,126,28,241
30831,127,29,241
30870,131,30,241
30909,135,31,241
30933,137,32,241
30975,141,33,241
31018,143,34,241
31043,146,35,241
31076,150,36,241
31122,151,37,241
31171,155,38,241
31205,158,39,241
31227,161,40,241
31256,164,41,241
31265,168,42,241
31266,7,7,206
31269,9,9,206
31271,8,8,206
31276,11,11,206
31281,12,12,206
31287,91,17,206
31294,20,20,206
31306,109,23,206
31327,22,22,206
31337,112,24,206
31355,28,28,206
31365,30,30,206
31383,34,34,206
31410,35,35,206
31427,38,38,206
31443,40,40,206
31448,41,41,206
31449,61,7,244
31451,65,8,244
31456,68,9,244
31460,74,11,244
31461,7,7,245
31464,8,8,245
31467,9,9,245
31471,11,11,245
31476,12,12,245
31483,17,17,245
31491,20,20,245
31498,22,22,245
31511,23,23,245
31522,24,24,245
31534,28,28,245
31545,30,30,245
31564,34,34,245
31573,35,35,245
31594,38,38,245
31610,40,40,245
31614,41,41,245
31615,7,7,246
31617,8,8,246
31620,9,9,246
31624,11,11,246
31629,12,12,246
31637,17,17,246
31645,20,20,246
31650,22,22,246
31665,23,23,246
31673,24,24,246
31681,28,28,246
31695,30,30,246
31715,34,34,246
31725,35,35,246
31740,38,38,246
31761,40,40,246
31767,41,41,246
31768,61,7,247
31770,64,8,247
31773,9,9,247
31777,11,11,247
31782,12,12,247
31794,91,17,247
31802,20,20,247
31815,22,22,247
31820,109,23,247
31834,112,24,247
31856,124,28,247
31862,30,30,247
31875,142,34,247
31883,145,35,247
31894,154,38,247
31920,160,40,247
31925,41,41,247
31926,7,7,248
31928,8,8,248
31931,9,9,248
31935,11,11,248
31940,12,12,248
31948,17,17,248
31956,20,20,248
31965,22,22,248
31972,23,23,248
31989,24,24,248
31999,28,28,248
32006,30,30,248
32028,34,34,248
32039,35,35,248
32056,38,38,248
32073,40,40,248
32078,41,41,248
32079,7,7,250
32081,8,8,250
32084,11,11,250
32088,9,9,250
32093,76,12,250
32100,91,17,250
32108,20,20,250
32124,106,22,250
32128,23,23,250
32138,112,24,250
32161,28,28,250
32165,30,30,250
32184,34,34,250
32200,35,35,250
32222,154,38,250
32227,160,40,250
32231,41,41,250
32232,62,7,251
32235,65,8,251
32238,68,9,251
32242,74,11,251
32243,45,1,252
32246,47,2,252
32248,51,3,252
32254,53,4,252
32257,57,5,252
32267,60,6,252
32270,62,7,252
32281,66,8,252
32293,68,9,252
32298,70,10,252
32302,75,11,252
32316,78,12,252
32323,81,13,252
32347,83,14,252
32365,86,15,252
32415,89,16,252
32432,91,17,252
32449,18,18,252
32472,99,19,252
32487,102,20,252
32537,105,21,252
32546,107,22,252
32568,110,23,252
32593,114,24,252
32621,116,25,252
32636,120,26,252
32708,122,27,252
32714,125,28,252
32739,129,29,252
32776,30,30,252
32808,135,31,252
32828,137,32,252
32894,140,33,252
32927,144,34,252
32952,147,35,252
32990,150,36,252
33031,153,37,252
33053,155,38,252
33105,159,39,252
33126,162,40,252
33135,163,41,252
33145,168,42,252
33146,44,1,210
33148,46,2,210
33151,49,3,210
33155,55,5,210
33160,61,7,210
33170,64,8,210
33173,67,9,210
33174,70,10,210
33200,73,11,210
33205,76,12,210
33208,79,13,210
33237,82,14,210
33241,91,17,210
33255,94,18,210
33283,97,19,210
33307,100,20,210
33316,103,21,210
33323,106,22,210
33341,109,23,210
33374,112,24,210
33413,115,25,210
33436,124,28,210
33441,127,29,210
33455,130,30,210
33492,133,31,210
33548,136,32,210
33570,142,34,210
33578,145,35,210
33599,148,36,210
33626,154,38,210
33646,160,40,210
33661,163,41,210
33674,44,1,254
33677,56,5,254
33680,62,7,254
33687,65,8,254
33689,68,9,254
33698,74,11,254
33701,77,12,254
33713,80,13,254
33718,92,17,254
33737,98,19,254
33740,101,20,254
33742,104,21,254
33747,107,22,254
33808,110,23,254
33813,113,24,254
33819,125,28,254
33839,128,29,254
33851,131,30,254
33897,143,34,254
33924,146,35,254
33928,155,38,254
33936,161,40,254
33940,164,41,254
33941,62,7,242
33943,66,8,242
33946,68,9,242
33950,75,11,242
33951,44,1,256